ID = KCPR,TMP ° F,SKNT mph,GUST mph,DRCT °
10-1-2015 8:53 MDT,57.9,3.5,,280
10-1-2015 7:53 MDT,53.1,0,,
10-1-2015 6:53 MDT,51.1,0,,
10-1-2015 5:53 MDT,52,0,,
10-1-2015 4:53 MDT,52,0,,
10-1-2015 3:53 MDT,53.1,5.8,,240
10-1-2015 2:53 MDT,50,3.5,,260
10-1-2015 1:53 MDT,48.9,8.1,,300
10-1-2015 0:53 MDT,51.1,9.2,,300
9-30-2015 23:53 MDT,57,11.5,,290
9-30-2015 22:53 MDT,66.9,10.4,20.7,300
9-30-2015 21:53 MDT,63,4.6,,250
9-30-2015 20:53 MDT,57.9,8.1,,210
9-30-2015 19:53 MDT,59,0,,
9-30-2015 18:53 MDT,66,4.6,,200
9-30-2015 17:53 MDT,73.4,6.9,,200
9-30-2015 16:53 MDT,80.1,10.4,,220
9-30-2015 15:53 MDT,79,10.4,,220
9-30-2015 14:53 MDT,79,11.5,21.9,230
9-30-2015 13:53 MDT,78.1,11.5,,210
9-30-2015 12:53 MDT,73.9,8.1,,220
9-30-2015 11:53 MDT,72,13.8,,230
9-30-2015 10:53 MDT,68,6.9,,180
9-30-2015 9:53 MDT,61,10.4,,220
9-30-2015 8:53 MDT,55.9,6.9,,240
9-30-2015 7:53 MDT,50,9.2,,240
9-30-2015 6:53 MDT,48,9.2,,240
9-30-2015 5:53 MDT,46.9,9.2,,250
9-30-2015 4:53 MDT,46,10.4,,260
9-30-2015 3:53 MDT,45,8.1,,240
9-30-2015 2:53 MDT,46.9,6.9,,260
9-30-2015 1:53 MDT,46.9,6.9,,250
9-30-2015 0:53 MDT,46.9,3.5,,220
9-29-2015 23:53 MDT,50,3.5,,260
9-29-2015 22:53 MDT,50,4.6,,330
9-29-2015 21:53 MDT,54,5.8,,40
9-29-2015 20:53 MDT,53.1,3.5,,50
9-29-2015 19:53 MDT,61,0,,
9-29-2015 18:53 MDT,,,,
9-29-2015 17:53 MDT,75,8.1,,100
9-29-2015 16:53 MDT,78.1,3.5,,
9-29-2015 15:53 MDT,75.9,4.6,,
9-29-2015 15:30 MDT,75,6.9,,180
9-29-2015 15:02 MDT,77,8.1,,250
9-29-2015 14:53 MDT,73,6.9,,
9-29-2015 13:53 MDT,,8.1,,220
9-29-2015 12:53 MDT,,9.2,,200
9-29-2015 11:53 MDT,,9.2,,200
9-29-2015 10:53 MDT,,,,
9-29-2015 9:53 MDT,59,11.5,,210
9-29-2015 8:53 MDT,57.9,10.4,,230
9-29-2015 8:28 MDT,55,5.8,,240
9-29-2015 7:53 MDT,54,4.6,,230
9-29-2015 6:53 MDT,54,3.5,,230
9-29-2015 6:37 MDT,54,3.5,,260
9-29-2015 5:53 MDT,54,4.6,,280
9-29-2015 5:11 MDT,54,5.8,,300
9-29-2015 4:53 MDT,54,4.6,,280
9-29-2015 3:53 MDT,55,0,,
9-29-2015 2:53 MDT,55,3.5,,190
9-29-2015 2:46 MDT,55,3.5,,180
9-29-2015 2:29 MDT,55.9,5.8,,
9-29-2015 2:15 MDT,55.9,6.9,,70
9-29-2015 1:53 MDT,55.9,5.8,,70
9-29-2015 1:21 MDT,55.9,5.8,,60
9-29-2015 0:53 MDT,55.9,10.4,,80
9-28-2015 23:53 MDT,55,11.5,,50
9-28-2015 23:34 MDT,54,9.2,,20
9-28-2015 22:53 MDT,53.1,8.1,,20
9-28-2015 22:43 MDT,52,8.1,,10
9-28-2015 21:53 MDT,52,9.2,,20
9-28-2015 20:53 MDT,55,6.9,,10
9-28-2015 19:53 MDT,59,15,,70
9-28-2015 18:53 MDT,64,12.7,,90
9-28-2015 17:53 MDT,70,10.4,,90
9-28-2015 16:53 MDT,71.1,6.9,,190
9-28-2015 15:53 MDT,70,10.4,,180
9-28-2015 14:53 MDT,66,8.1,,220
9-28-2015 13:53 MDT,63,8.1,,190
9-28-2015 12:53 MDT,57,13.8,,170
9-28-2015 11:53 MDT,50,10.4,,190
9-28-2015 10:53 MDT,50,8.1,,210
9-28-2015 10:20 MDT,51.1,0,,
9-28-2015 9:53 MDT,52,12.7,,340
9-28-2015 8:53 MDT,54,8.1,,40
9-28-2015 8:17 MDT,52,5.8,,360
9-28-2015 7:53 MDT,51.1,6.9,,20
9-28-2015 6:53 MDT,50,0,,
9-28-2015 5:53 MDT,51.1,11.5,,10
9-28-2015 4:53 MDT,51.1,9.2,,360
9-28-2015 3:53 MDT,51.1,8.1,,10
9-28-2015 2:53 MDT,53.1,10.4,,20
9-28-2015 1:53 MDT,55.9,12.7,,20
9-28-2015 0:53 MDT,62.1,11.5,41.4,100
9-27-2015 23:53 MDT,64,16.1,,60
9-27-2015 22:53 MDT,64,9.2,,20
9-27-2015 21:53 MDT,64.9,10.4,,360
9-27-2015 20:53 MDT,69.1,3.5,,
9-27-2015 19:53 MDT,71.1,15,,350
9-27-2015 18:53 MDT,75.9,11.5,,330
9-27-2015 17:53 MDT,82,10.4,,260
9-27-2015 16:53 MDT,84,17.3,,260
9-27-2015 15:53 MDT,84.9,18.4,24.2,230
9-27-2015 14:53 MDT,88,17.3,24.2,210
9-27-2015 13:53 MDT,82.9,8.1,,160
9-27-2015 12:53 MDT,81,0,,
9-27-2015 11:53 MDT,73.9,3.5,,
9-27-2015 10:53 MDT,72,3.5,,
9-27-2015 9:53 MDT,68,3.5,,50
9-27-2015 8:53 MDT,64.9,3.5,,
9-27-2015 7:53 MDT,54,0,,
9-27-2015 6:53 MDT,48,3.5,,230
9-27-2015 5:53 MDT,50,4.6,,260
9-27-2015 4:53 MDT,57.9,9.2,,250
9-27-2015 3:53 MDT,55.9,8.1,,290
9-27-2015 2:53 MDT,59,8.1,,240
9-27-2015 1:53 MDT,60.1,6.9,,250
9-27-2015 0:53 MDT,66,8.1,,250
9-26-2015 23:53 MDT,64.9,11.5,,220
9-26-2015 22:53 MDT,66.9,11.5,,220
9-26-2015 21:53 MDT,66,10.4,,230
9-26-2015 20:53 MDT,64.9,9.2,,240
9-26-2015 19:53 MDT,69.1,8.1,,230
9-26-2015 18:53 MDT,78.1,10.4,,210
9-26-2015 17:53 MDT,82,11.5,,210
9-26-2015 16:53 MDT,88,16.1,,210
9-26-2015 15:53 MDT,89.1,19.6,28.8,260
9-26-2015 14:53 MDT,90,13.8,23,280
9-26-2015 13:53 MDT,90,10.4,21.9,260
9-26-2015 12:53 MDT,87.1,16.1,,190
9-26-2015 11:53 MDT,82,13.8,,190
9-26-2015 10:53 MDT,80.1,20.7,27.6,220
9-26-2015 9:53 MDT,75,19.6,28.8,220
9-26-2015 8:53 MDT,69.1,5.8,,
9-26-2015 7:53 MDT,54,4.6,,70
9-26-2015 6:53 MDT,46.9,0,,
9-26-2015 5:53 MDT,46,3.5,,120
9-26-2015 4:53 MDT,52,6.9,,240
9-26-2015 3:53 MDT,46.9,9.2,,360
9-26-2015 2:53 MDT,48,4.6,,70
9-26-2015 1:53 MDT,48.9,6.9,,30
9-26-2015 0:53 MDT,51.1,,,
9-25-2015 23:53 MDT,50,6.9,,350
9-25-2015 22:53 MDT,51.1,4.6,,350
9-25-2015 21:53 MDT,55,0,,
9-25-2015 20:53 MDT,66.9,8.1,,100
9-25-2015 19:53 MDT,71.1,6.9,,100
9-25-2015 18:53 MDT,73.9,6.9,,160
9-25-2015 17:53 MDT,84,8.1,,150
9-25-2015 16:53 MDT,84.9,9.2,,180
9-25-2015 15:53 MDT,87.1,5.8,,160
9-25-2015 14:53 MDT,87.1,6.9,,140
9-25-2015 13:53 MDT,86,12.7,,210
9-25-2015 12:53 MDT,82.9,8.1,,210
9-25-2015 11:53 MDT,81,12.7,18.4,220
9-25-2015 10:53 MDT,73.9,4.6,,130
9-25-2015 9:53 MDT,64,4.6,,160
9-25-2015 8:53 MDT,57.9,4.6,,100
9-25-2015 7:53 MDT,48.9,0,,
9-25-2015 6:53 MDT,42.1,5.8,,340
9-25-2015 5:53 MDT,41,4.6,,320
9-25-2015 4:53 MDT,44.1,3.5,,10
9-25-2015 3:53 MDT,46.9,5.8,,30
9-25-2015 2:53 MDT,50,4.6,,350
9-25-2015 1:53 MDT,51.1,5.8,,340
9-25-2015 0:53 MDT,51.1,6.9,,330
9-24-2015 23:53 MDT,50,4.6,,350
9-24-2015 22:53 MDT,59,0,,
9-24-2015 21:53 MDT,64.9,10.4,,110
9-24-2015 20:53 MDT,68,12.7,,80
9-24-2015 19:53 MDT,72,6.9,,120
9-24-2015 18:53 MDT,75.9,8.1,,120
9-24-2015 17:53 MDT,82,8.1,,110
9-24-2015 16:53 MDT,82.9,5.8,,160
9-24-2015 15:53 MDT,82.9,0,,
9-24-2015 14:53 MDT,84,6.9,,310
9-24-2015 13:53 MDT,81,4.6,,150
9-24-2015 12:53 MDT,78.1,0,,
9-24-2015 11:53 MDT,75.9,6.9,,160
9-24-2015 10:53 MDT,72,0,,
9-24-2015 9:53 MDT,66,10.4,,230
9-24-2015 8:53 MDT,57.9,6.9,,240
9-24-2015 7:53 MDT,48.9,4.6,,240
9-24-2015 6:53 MDT,41,0,,
9-24-2015 5:53 MDT,42.1,0,,
9-24-2015 4:53 MDT,41,3.5,,290
9-24-2015 3:53 MDT,44.1,6.9,,310
9-24-2015 2:53 MDT,46.9,4.6,,330
9-24-2015 1:53 MDT,46,5.8,,310
9-24-2015 0:53 MDT,50,5.8,,320
9-23-2015 23:53 MDT,57.9,6.9,,60
9-23-2015 22:53 MDT,60.1,6.9,,80
9-23-2015 21:53 MDT,64,9.2,,80
9-23-2015 20:53 MDT,63,9.2,,70
9-23-2015 19:53 MDT,70,10.4,,50
9-23-2015 18:53 MDT,77,17.3,28.8,50
9-23-2015 17:53 MDT,82.9,5.8,,260
9-23-2015 16:53 MDT,84.9,11.5,,280
9-23-2015 15:53 MDT,86,12.7,,290
9-23-2015 14:53 MDT,84.9,3.5,,
9-23-2015 13:53 MDT,84.9,6.9,18.4,350
9-23-2015 11:53 MDT,78.1,5.8,,240
9-23-2015 10:53 MDT,66.9,3.5,,130
9-23-2015 9:53 MDT,57,3.5,,140
9-23-2015 9:38 MDT,55,0,,
9-23-2015 9:18 MDT,52,4.6,,140
9-23-2015 9:12 MDT,51.1,4.6,,150
9-23-2015 8:53 MDT,51.1,3.5,,180
9-23-2015 8:09 MDT,50,4.6,,110
9-23-2015 7:53 MDT,50,5.8,,100
9-23-2015 7:46 MDT,50,5.8,,110
9-23-2015 6:53 MDT,50,4.6,,120
9-23-2015 6:35 MDT,50,6.9,,130
9-23-2015 6:23 MDT,50,4.6,,130
9-23-2015 6:00 MDT,50,5.8,,130
9-23-2015 5:53 MDT,50,4.6,,110
9-23-2015 5:51 MDT,50,4.6,,110
9-23-2015 5:37 MDT,50,4.6,,90
9-23-2015 4:53 MDT,50,4.6,,100
9-23-2015 4:15 MDT,50,0,,
9-23-2015 3:53 MDT,50,3.5,,120
9-23-2015 3:44 MDT,50,4.6,,90
9-23-2015 3:22 MDT,50,6.9,,100
9-23-2015 3:20 MDT,50,6.9,,100
9-23-2015 3:11 MDT,50,5.8,,90
9-23-2015 2:53 MDT,51.1,4.6,,100
9-23-2015 1:53 MDT,52,5.8,,90
9-23-2015 0:53 MDT,53.1,6.9,,80
9-22-2015 23:53 MDT,55.9,6.9,,90
9-22-2015 22:53 MDT,59,9.2,,100
9-22-2015 21:53 MDT,62.1,12.7,,100
9-22-2015 20:53 MDT,64,12.7,,90
9-22-2015 19:53 MDT,68,17.3,,90
9-22-2015 18:53 MDT,72,16.1,,100
9-22-2015 17:53 MDT,75.9,11.5,,100
9-22-2015 16:53 MDT,79,15,,100
9-22-2015 15:53 MDT,80.1,11.5,,100
9-22-2015 14:53 MDT,79,9.2,,120
9-22-2015 13:53 MDT,77,11.5,,110
9-22-2015 12:53 MDT,73.9,8.1,,110
9-22-2015 11:53 MDT,68,5.8,,140
9-22-2015 10:53 MDT,64.9,4.6,,110
9-22-2015 9:53 MDT,57.9,0,,
9-22-2015 8:53 MDT,54,3.5,,310
9-22-2015 7:53 MDT,46,3.5,,260
9-22-2015 6:53 MDT,39.9,6.9,,320
9-22-2015 5:53 MDT,41,5.8,,310
9-22-2015 4:53 MDT,42.1,6.9,,300
9-22-2015 3:53 MDT,42.1,5.8,,260
9-22-2015 2:53 MDT,45,6.9,,280
9-22-2015 1:53 MDT,50,0,,
9-22-2015 0:53 MDT,52,0,,
9-21-2015 23:53 MDT,57.9,17.3,,360
9-21-2015 22:53 MDT,48.9,9.2,,330
9-21-2015 21:53 MDT,50,0,,
9-21-2015 20:53 MDT,53.1,4.6,,280
9-21-2015 19:53 MDT,59,3.5,,240
9-21-2015 18:53 MDT,70,6.9,,350
9-21-2015 17:53 MDT,80.1,10.4,,350
9-21-2015 16:53 MDT,82.9,12.7,,290
9-21-2015 15:53 MDT,82.9,19.6,25.3,270
9-21-2015 14:53 MDT,82.9,19.6,26.5,270
9-21-2015 13:53 MDT,82.9,16.1,26.5,240
9-21-2015 12:53 MDT,81,19.6,26.5,260
9-21-2015 11:53 MDT,77,20.7,,220
9-21-2015 10:53 MDT,73,23,29.9,210
9-21-2015 9:53 MDT,69.1,21.9,28.8,220
9-21-2015 8:53 MDT,64.9,18.4,25.3,200
9-21-2015 7:53 MDT,60.1,12.7,,230
9-21-2015 6:53 MDT,57.9,15,23,220
9-21-2015 5:53 MDT,57,9.2,,240
9-21-2015 4:53 MDT,55,11.5,,240
9-21-2015 3:53 MDT,55,12.7,,230
9-21-2015 2:53 MDT,59,15,,230
9-21-2015 1:53 MDT,59,11.5,,230
9-21-2015 0:53 MDT,59,12.7,,230
9-20-2015 23:53 MDT,61,15,,230
9-20-2015 22:53 MDT,64,15,,220
9-20-2015 21:53 MDT,57,9.2,,210
9-20-2015 20:53 MDT,53.1,6.9,,220
9-20-2015 19:53 MDT,57.9,3.5,,270
9-20-2015 18:53 MDT,68,6.9,,330
9-20-2015 17:53 MDT,78.1,11.5,,310
9-20-2015 16:53 MDT,80.1,15,,300
9-20-2015 15:53 MDT,80.1,8.1,,280
9-20-2015 15:10 MDT,79,13.8,21.9,230
9-20-2015 14:53 MDT,78.1,18.4,,260
9-20-2015 13:53 MDT,75.9,17.3,20.7,250
9-20-2015 12:53 MDT,75,12.7,21.9,270
9-20-2015 11:53 MDT,71.1,9.2,,220
9-20-2015 10:53 MDT,68,20.7,,210
9-20-2015 9:53 MDT,63,16.1,,210
9-20-2015 8:53 MDT,59,16.1,,220
9-20-2015 7:53 MDT,53.1,9.2,,230
9-20-2015 6:53 MDT,42.1,9.2,,250
9-20-2015 5:53 MDT,44.1,6.9,,240
9-20-2015 4:53 MDT,44.1,8.1,,250
9-20-2015 3:53 MDT,42.1,8.1,,260
9-20-2015 2:53 MDT,46,10.4,,260
9-20-2015 1:53 MDT,43,6.9,,250
9-20-2015 0:53 MDT,45,6.9,,260
9-19-2015 23:53 MDT,46,5.8,,250
9-19-2015 22:53 MDT,46,5.8,,270
9-19-2015 21:53 MDT,51.1,6.9,,230
9-19-2015 20:53 MDT,51.1,3.5,,200
9-19-2015 19:53 MDT,57.9,6.9,,320
9-19-2015 18:53 MDT,64,9.2,,320
9-19-2015 17:53 MDT,72,12.7,,320
9-19-2015 16:53 MDT,73,18.4,,290
9-19-2015 15:53 MDT,73,16.1,27.6,290
9-19-2015 14:53 MDT,73.9,17.3,26.5,270
9-19-2015 13:53 MDT,73,18.4,25.3,270
9-19-2015 12:53 MDT,71.1,16.1,21.9,280
9-19-2015 11:53 MDT,68,13.8,19.6,260
9-19-2015 10:53 MDT,64.9,13.8,23,250
9-19-2015 9:53 MDT,60.1,17.3,,220
9-19-2015 8:53 MDT,54,17.3,,230
9-19-2015 7:53 MDT,48,15,,230
9-19-2015 6:53 MDT,43,15,,240
9-19-2015 5:53 MDT,43,10.4,,250
9-19-2015 4:53 MDT,44.1,10.4,,220
9-19-2015 3:53 MDT,37,0,,
9-19-2015 2:53 MDT,37,0,,
9-19-2015 1:53 MDT,41,3.5,,40
9-19-2015 0:53 MDT,45,6.9,,200
9-18-2015 23:53 MDT,39,4.6,,60
9-18-2015 22:53 MDT,48,3.5,,
9-18-2015 21:53 MDT,51.1,6.9,,110
9-18-2015 20:53 MDT,55,5.8,,90
9-18-2015 19:53 MDT,53.1,4.6,,130
9-18-2015 18:53 MDT,59,5.8,,120
9-18-2015 17:53 MDT,64,5.8,,320
9-18-2015 16:53 MDT,64,4.6,,270
9-18-2015 15:53 MDT,64,10.4,17.3,320
9-18-2015 14:53 MDT,62.1,20.7,,290
9-18-2015 13:53 MDT,61,5.8,,320
9-18-2015 12:53 MDT,61,9.2,,330
9-18-2015 11:53 MDT,55.9,8.1,20.7,330
9-18-2015 10:53 MDT,55,8.1,,290
9-18-2015 9:53 MDT,53.1,8.1,,270
9-18-2015 8:53 MDT,51.1,9.2,,260
9-18-2015 7:53 MDT,46,9.2,,250
9-18-2015 6:53 MDT,41,9.2,,240
9-18-2015 5:53 MDT,39,8.1,,240
9-18-2015 4:53 MDT,37.9,10.4,,270
9-18-2015 3:53 MDT,42.1,6.9,,280
9-18-2015 2:53 MDT,45,5.8,,290
9-18-2015 1:53 MDT,48.9,8.1,,250
9-18-2015 0:53 MDT,52,11.5,,240
9-17-2015 23:53 MDT,55,18.4,27.6,270
9-17-2015 22:53 MDT,57.9,12.7,,240
9-17-2015 21:53 MDT,55,10.4,,230
9-17-2015 20:53 MDT,55,10.4,,230
9-17-2015 19:53 MDT,59,9.2,,230
9-17-2015 18:53 MDT,62.1,12.7,,190
9-17-2015 17:53 MDT,63,17.3,,190
9-17-2015 16:53 MDT,66.9,20.7,25.3,230
9-17-2015 15:53 MDT,66.9,19.6,24.2,270
9-17-2015 14:53 MDT,69.1,18.4,26.5,240
9-17-2015 13:53 MDT,71.1,16.1,27.6,190
9-17-2015 12:53 MDT,66.9,17.3,25.3,220
9-17-2015 11:53 MDT,64,18.4,25.3,180
9-17-2015 10:53 MDT,60.1,16.1,,210
9-17-2015 9:53 MDT,57,19.6,,210
9-17-2015 8:53 MDT,53.1,16.1,26.5,230
9-17-2015 7:53 MDT,51.1,15,,220
9-17-2015 6:53 MDT,48.9,6.9,,210
9-17-2015 5:53 MDT,50,12.7,,220
9-17-2015 4:53 MDT,48.9,3.5,,290
9-17-2015 3:53 MDT,48,5.8,,300
9-17-2015 2:53 MDT,50,13.8,,250
9-17-2015 1:53 MDT,52,15,,230
9-17-2015 0:53 MDT,52,15,,220
9-16-2015 23:53 MDT,53.1,12.7,,240
9-16-2015 22:53 MDT,55.9,18.4,29.9,220
9-16-2015 21:53 MDT,57,23,34.5,220
9-16-2015 20:53 MDT,59,17.3,26.5,220
9-16-2015 19:53 MDT,62.1,12.7,,250
9-16-2015 18:53 MDT,63,13.8,,280
9-16-2015 17:53 MDT,64.9,21.9,32.2,280
9-16-2015 16:53 MDT,71.1,35.7,48.3,270
9-16-2015 15:53 MDT,75,25.3,41.4,260
9-16-2015 14:53 MDT,73.9,29.9,50.6,240
9-16-2015 13:53 MDT,75.9,27.6,36.8,230
9-16-2015 12:53 MDT,73,28.8,39.1,220
9-16-2015 11:53 MDT,75.9,38,48.3,220
9-16-2015 10:53 MDT,73.9,36.8,48.3,220
9-16-2015 9:53 MDT,71.1,29.9,44.9,220
9-16-2015 8:53 MDT,66,32.2,42.6,210
9-16-2015 7:53 MDT,62.1,12.7,,200
9-16-2015 6:53 MDT,59,11.5,,210
9-16-2015 5:53 MDT,57.9,16.1,,210
9-16-2015 4:53 MDT,59,12.7,,200
9-16-2015 3:53 MDT,57.9,9.2,,190
9-16-2015 2:53 MDT,55,13.8,,220
9-16-2015 1:53 MDT,55,8.1,,230
9-16-2015 0:53 MDT,57,9.2,,220
9-15-2015 23:53 MDT,57.9,12.7,,230
9-15-2015 22:53 MDT,60.1,13.8,18.4,230
9-15-2015 21:53 MDT,61,13.8,,230
9-15-2015 20:53 MDT,63,19.6,26.5,230
9-15-2015 19:53 MDT,64,12.7,,230
9-15-2015 18:53 MDT,64.9,12.7,,240
9-15-2015 17:53 MDT,64.9,12.7,,250
9-15-2015 17:49 MDT,64.4,15,,250
9-15-2015 17:34 MDT,62.1,21.9,36.8,270
9-15-2015 16:53 MDT,73,27.6,35.7,220
9-15-2015 15:53 MDT,73,31.1,42.6,230
9-15-2015 14:53 MDT,75,28.8,46,250
9-15-2015 13:53 MDT,75.9,21.9,34.5,230
9-15-2015 12:53 MDT,79,29.9,43.7,240
9-15-2015 11:53 MDT,75.9,31.1,40.3,220
9-15-2015 10:53 MDT,73,21.9,35.7,220
9-15-2015 9:53 MDT,69.1,32.2,42.6,220
9-15-2015 8:53 MDT,64,21.9,32.2,210
9-15-2015 7:53 MDT,63,25.3,38,210
9-15-2015 6:53 MDT,63,27.6,34.5,220
9-15-2015 5:53 MDT,64,21.9,31.1,230
9-15-2015 4:53 MDT,63,21.9,28.8,210
9-15-2015 3:53 MDT,63,15,26.5,230
9-15-2015 2:53 MDT,62.1,12.7,19.6,210
9-15-2015 1:53 MDT,62.1,13.8,,220
9-15-2015 0:53 MDT,63,18.4,,190
9-14-2015 23:53 MDT,64.9,23,34.5,210
9-14-2015 22:53 MDT,64.9,24.2,38,200
9-14-2015 21:53 MDT,68,24.2,36.8,210
9-14-2015 20:53 MDT,62.1,3.5,,210
9-14-2015 19:53 MDT,64.9,5.8,,140
9-14-2015 18:53 MDT,71.1,11.5,,230
9-14-2015 17:53 MDT,73.9,21.9,34.5,230
9-14-2015 16:53 MDT,77,25.3,34.5,200
9-14-2015 15:53 MDT,81,29.9,41.4,220
9-14-2015 14:53 MDT,87.1,27.6,36.8,200
9-14-2015 13:53 MDT,86,23,29.9,220
9-14-2015 12:53 MDT,84.9,17.3,28.8,230
9-14-2015 11:53 MDT,82,21.9,29.9,220
9-14-2015 10:53 MDT,78.1,25.3,32.2,210
9-14-2015 9:53 MDT,75,18.4,24.2,210
9-14-2015 8:53 MDT,72,16.1,23,220
9-14-2015 7:53 MDT,61,11.5,,230
9-14-2015 6:53 MDT,57,10.4,,240
9-14-2015 5:53 MDT,64,15,,220
9-14-2015 4:53 MDT,60.1,11.5,,240
9-14-2015 3:53 MDT,63,6.9,,
9-14-2015 2:53 MDT,61,8.1,,260
9-14-2015 1:53 MDT,57.9,9.2,,250
9-14-2015 0:53 MDT,59,6.9,,260
9-13-2015 23:53 MDT,63,5.8,,230
9-13-2015 22:53 MDT,66.9,8.1,,240
9-13-2015 22:46 MDT,69.1,10.4,25.3,240
9-13-2015 21:53 MDT,64.9,6.9,,240
9-13-2015 20:53 MDT,66.9,3.5,,190
9-13-2015 19:53 MDT,75,4.6,,240
9-13-2015 18:53 MDT,78.1,3.5,,250
9-13-2015 17:53 MDT,84,9.2,,300
9-13-2015 16:53 MDT,86,11.5,,280
9-13-2015 15:53 MDT,87.1,18.4,,280
9-13-2015 14:53 MDT,88,18.4,24.2,280
9-13-2015 13:53 MDT,87.1,10.4,17.3,300
9-13-2015 12:53 MDT,84.9,15,20.7,290
9-13-2015 11:53 MDT,82,10.4,,220
9-13-2015 10:53 MDT,78.1,12.7,,250
9-13-2015 9:53 MDT,73,16.1,,220
9-13-2015 8:53 MDT,66.9,13.8,,220
9-13-2015 7:53 MDT,57.9,9.2,,240
9-13-2015 6:53 MDT,52,12.7,,260
9-13-2015 5:53 MDT,52,10.4,,250
9-13-2015 4:53 MDT,54,8.1,,240
9-13-2015 3:53 MDT,45,3.5,,340
9-13-2015 2:53 MDT,46.9,3.5,,280
9-13-2015 1:53 MDT,46.9,3.5,,290
9-13-2015 0:53 MDT,46.9,4.6,,280
9-12-2015 23:53 MDT,50,9.2,,330
9-12-2015 22:53 MDT,52,3.5,,330
9-12-2015 21:53 MDT,60.1,11.5,,40
9-12-2015 20:53 MDT,63,6.9,,360
9-12-2015 19:53 MDT,64.9,5.8,,320
9-12-2015 18:53 MDT,78.1,6.9,,280
9-12-2015 17:53 MDT,84,12.7,,300
9-12-2015 16:53 MDT,84.9,10.4,,320
9-12-2015 15:53 MDT,86,17.3,21.9,300
9-12-2015 14:53 MDT,84.9,4.6,,
9-12-2015 13:53 MDT,82,4.6,,360
9-12-2015 12:53 MDT,79,3.5,,
9-12-2015 11:53 MDT,77,6.9,,240
9-12-2015 10:53 MDT,73,5.8,,260
9-12-2015 9:53 MDT,69.1,11.5,,230
9-12-2015 8:53 MDT,61,10.4,,240
9-12-2015 7:53 MDT,54,6.9,,270
9-12-2015 6:53 MDT,50,13.8,,240
9-12-2015 5:53 MDT,48.9,10.4,,240
9-12-2015 4:53 MDT,46,5.8,,250
9-12-2015 3:53 MDT,45,6.9,,250
9-12-2015 2:53 MDT,46,3.5,,240
9-12-2015 1:53 MDT,48,5.8,,310
9-12-2015 0:53 MDT,48,5.8,,260
9-11-2015 23:53 MDT,50,3.5,,280
9-11-2015 22:53 MDT,54,9.2,,30
9-11-2015 21:53 MDT,54,8.1,,40
9-11-2015 20:53 MDT,64,9.2,,70
9-11-2015 19:53 MDT,69.1,5.8,,100
9-11-2015 18:53 MDT,73.9,6.9,,120
9-11-2015 17:53 MDT,78.1,5.8,,
9-11-2015 16:53 MDT,78.1,5.8,,30
9-11-2015 15:53 MDT,79,6.9,,
9-11-2015 14:53 MDT,77,6.9,,290
9-11-2015 13:53 MDT,75,0,,
9-11-2015 12:53 MDT,73,4.6,,
9-11-2015 11:53 MDT,72,,,
9-11-2015 10:53 MDT,66.9,5.8,,220
9-11-2015 9:53 MDT,61,6.9,,250
9-11-2015 8:53 MDT,57,0,,
9-11-2015 7:53 MDT,46.9,0,,
9-11-2015 6:53 MDT,41,5.8,,260
9-11-2015 5:53 MDT,41,4.6,,280
9-11-2015 4:53 MDT,41,4.6,,310
9-11-2015 3:53 MDT,45,6.9,,320
9-11-2015 2:53 MDT,48,4.6,,270
9-11-2015 1:53 MDT,54,3.5,,120
9-11-2015 0:53 MDT,55,12.7,,80
9-10-2015 23:53 MDT,55,8.1,,90
9-10-2015 22:53 MDT,57.9,5.8,,100
9-10-2015 21:53 MDT,62.1,15,,60
9-10-2015 20:53 MDT,62.1,11.5,,30
9-10-2015 19:53 MDT,66.9,10.4,,40
9-10-2015 18:53 MDT,73,10.4,,20
9-10-2015 17:53 MDT,75,8.1,,40
9-10-2015 16:53 MDT,79,6.9,,20
9-10-2015 15:53 MDT,79,5.8,,
9-10-2015 14:53 MDT,78.1,9.2,,60
9-10-2015 13:53 MDT,77,0,,
9-10-2015 12:53 MDT,73,,,
9-10-2015 11:53 MDT,72,3.5,,
9-10-2015 10:53 MDT,64.9,4.6,,310
9-10-2015 9:53 MDT,62.1,6.9,,220
9-10-2015 8:53 MDT,55,6.9,,240
9-10-2015 7:53 MDT,51.1,6.9,,260
9-10-2015 6:53 MDT,44.1,10.4,,270
9-10-2015 5:53 MDT,42.1,8.1,,250
9-10-2015 4:53 MDT,43,8.1,,230
9-10-2015 3:53 MDT,44.1,8.1,,260
9-10-2015 2:53 MDT,44.1,5.8,,260
9-10-2015 1:53 MDT,46.9,8.1,,300
9-10-2015 0:53 MDT,46.9,10.4,,330
9-9-2015 23:53 MDT,48,8.1,,300
9-9-2015 22:53 MDT,48.9,4.6,,350
9-9-2015 21:53 MDT,53.1,3.5,,300
9-9-2015 20:53 MDT,54,0,,
9-9-2015 19:53 MDT,63,0,,
9-9-2015 18:53 MDT,73.9,3.5,,300
9-9-2015 17:53 MDT,79,9.2,,290
9-9-2015 16:53 MDT,81,17.3,26.5,290
9-9-2015 15:53 MDT,80.1,12.7,20.7,310
9-9-2015 14:53 MDT,81,11.5,23,290
9-9-2015 13:53 MDT,81,19.6,28.8,210
9-9-2015 12:53 MDT,78.1,16.1,21.9,200
9-9-2015 11:53 MDT,75.9,11.5,19.6,220
9-9-2015 10:53 MDT,73,15,,220
9-9-2015 9:53 MDT,69.1,20.7,,210
9-9-2015 8:53 MDT,64,16.1,,220
9-9-2015 7:53 MDT,52,10.4,,260
9-9-2015 6:53 MDT,48,11.5,,230
9-9-2015 5:53 MDT,46,9.2,,260
9-9-2015 4:53 MDT,44.1,9.2,,240
9-9-2015 3:53 MDT,42.1,9.2,,250
9-9-2015 2:53 MDT,41,8.1,,250
9-9-2015 1:53 MDT,44.1,5.8,,240
9-9-2015 0:53 MDT,43,4.6,,260
9-8-2015 23:53 MDT,48.9,10.4,,340
9-8-2015 22:53 MDT,48,8.1,,280
9-8-2015 21:53 MDT,55.9,5.8,,90
9-8-2015 20:53 MDT,57,5.8,,70
9-8-2015 19:53 MDT,57.9,5.8,,10
9-8-2015 18:53 MDT,71.1,6.9,,330
9-8-2015 17:53 MDT,75.9,15,,330
9-8-2015 16:53 MDT,77,17.3,,310
9-8-2015 15:53 MDT,78.1,18.4,24.2,310
9-8-2015 15:00 MDT,78.1,10.4,21.9,300
9-8-2015 14:53 MDT,77,13.8,24.2,300
9-8-2015 13:53 MDT,75.9,12.7,23,250
9-8-2015 13:25 MDT,75,18.4,28.8,270
9-8-2015 12:53 MDT,73.9,13.8,23,300
9-8-2015 11:53 MDT,68,11.5,19.6,220
9-8-2015 10:53 MDT,63,12.7,,220
9-8-2015 9:53 MDT,57.9,15,,220
9-8-2015 8:53 MDT,53.1,10.4,,250
9-8-2015 7:53 MDT,45,6.9,,250
9-8-2015 6:53 MDT,37,3.5,,270
9-8-2015 5:53 MDT,37,5.8,,230
9-8-2015 4:53 MDT,39,3.5,,270
9-8-2015 3:53 MDT,42.1,0,,
9-8-2015 2:53 MDT,46,3.5,,240
9-8-2015 1:53 MDT,50,3.5,,
9-8-2015 0:53 MDT,50,8.1,,20
9-7-2015 23:53 MDT,50,11.5,,10
9-7-2015 22:53 MDT,54,15,,20
9-7-2015 21:53 MDT,52,9.2,,30
9-7-2015 20:53 MDT,55.9,4.6,,40
9-7-2015 19:53 MDT,60.1,8.1,,340
9-7-2015 18:53 MDT,72,9.2,,340
9-7-2015 17:53 MDT,78.1,9.2,,330
9-7-2015 16:53 MDT,80.1,16.1,,320
9-7-2015 15:53 MDT,80.1,15,24.2,350
9-7-2015 14:53 MDT,79,15,20.7,320
9-7-2015 13:53 MDT,79,17.3,21.9,300
9-7-2015 12:53 MDT,78.1,19.6,25.3,300
9-7-2015 11:53 MDT,77,23,35.7,250
9-7-2015 10:53 MDT,73,8.1,,290
9-7-2015 9:53 MDT,68,6.9,,260
9-7-2015 8:53 MDT,63,5.8,,310
9-7-2015 7:53 MDT,57,8.1,,290
9-7-2015 6:53 MDT,51.1,10.4,,300
9-7-2015 5:53 MDT,54,11.5,,260
9-7-2015 4:53 MDT,55.9,9.2,,250
9-7-2015 3:53 MDT,57,10.4,,230
9-7-2015 2:53 MDT,57,10.4,,230
9-7-2015 1:53 MDT,54,9.2,,240
9-7-2015 0:53 MDT,52,8.1,,240
9-6-2015 23:53 MDT,53.1,6.9,,240
9-6-2015 22:53 MDT,59,3.5,,240
9-6-2015 21:53 MDT,61,0,,
9-6-2015 20:53 MDT,61,5.8,,240
9-6-2015 19:53 MDT,64.9,9.2,,240
9-6-2015 18:53 MDT,71.1,20.7,26.5,250
9-6-2015 17:53 MDT,75,25.3,35.7,250
9-6-2015 16:53 MDT,75.9,27.6,36.8,250
9-6-2015 15:53 MDT,77,28.8,39.1,230
9-6-2015 14:53 MDT,75.9,27.6,39.1,230
9-6-2015 13:53 MDT,75,28.8,35.7,230
9-6-2015 12:53 MDT,73,33.4,39.1,230
9-6-2015 11:53 MDT,72,26.5,36.8,260
9-6-2015 10:53 MDT,69.1,21.9,28.8,230
9-6-2015 9:53 MDT,66,20.7,29.9,250
9-6-2015 8:53 MDT,60.1,20.7,28.8,230
9-6-2015 7:53 MDT,50,8.1,,240
9-6-2015 6:53 MDT,44.1,5.8,,260
9-6-2015 6:31 MDT,45,3.5,,230
9-6-2015 6:26 MDT,45,4.6,,210
9-6-2015 5:53 MDT,48,3.5,,170
9-6-2015 5:24 MDT,48.9,3.5,,170
9-6-2015 5:04 MDT,51.1,0,,
9-6-2015 4:53 MDT,52,3.5,,210
9-6-2015 4:43 MDT,52,3.5,,200
9-6-2015 4:06 MDT,52,3.5,,300
9-6-2015 3:53 MDT,51.1,8.1,,300
9-6-2015 2:53 MDT,51.1,6.9,,340
9-6-2015 1:53 MDT,62.1,13.8,,260
9-6-2015 0:53 MDT,61,11.5,,220
9-5-2015 23:53 MDT,61,12.7,,230
9-5-2015 22:53 MDT,62.1,6.9,,240
9-5-2015 21:53 MDT,68,12.7,,220
9-5-2015 20:53 MDT,68,11.5,,230
9-5-2015 19:53 MDT,73,15,,260
9-5-2015 18:53 MDT,75.9,21.9,29.9,220
9-5-2015 17:53 MDT,81,21.9,35.7,220
9-5-2015 16:53 MDT,82.9,24.2,38,230
9-5-2015 15:53 MDT,84,26.5,35.7,240
9-5-2015 14:53 MDT,82.9,28.8,36.8,240
9-5-2015 13:53 MDT,84,28.8,42.6,200
9-5-2015 12:53 MDT,82,32.2,39.1,210
9-5-2015 11:53 MDT,77,21.9,33.4,240
9-5-2015 10:53 MDT,77,17.3,31.1,230
9-5-2015 9:53 MDT,73,23,32.2,210
9-5-2015 8:53 MDT,68,21.9,,210
9-5-2015 7:53 MDT,64.9,20.7,26.5,220
9-5-2015 6:53 MDT,57,4.6,,250
9-5-2015 5:53 MDT,57,8.1,,230
9-5-2015 4:53 MDT,55.9,6.9,,230
9-5-2015 3:53 MDT,53.1,3.5,,250
9-5-2015 2:53 MDT,57,0,,
9-5-2015 1:53 MDT,55.9,5.8,,270
9-5-2015 0:53 MDT,60.1,8.1,,190
9-4-2015 23:53 MDT,60.1,11.5,,220
9-4-2015 22:53 MDT,61,6.9,,230
9-4-2015 21:53 MDT,57.9,0,,
9-4-2015 20:53 MDT,57.9,9.2,,240
9-4-2015 19:53 MDT,62.1,6.9,,180
9-4-2015 18:53 MDT,61,12.7,,120
9-4-2015 17:53 MDT,64,20.7,,200
9-4-2015 17:14 MDT,70,13.8,29.9,220
9-4-2015 16:58 MDT,77,20.7,,210
9-4-2015 16:51 MDT,77,17.3,,220
9-4-2015 16:50 MDT,77,17.3,,230
9-4-2015 16:38 MDT,82.9,13.8,,190
9-4-2015 15:53 MDT,89.1,18.4,,200
9-4-2015 14:53 MDT,84.9,13.8,21.9,230
9-4-2015 13:53 MDT,86,19.6,,190
9-4-2015 12:53 MDT,84.9,13.8,20.7,220
9-4-2015 11:53 MDT,84,9.2,23,260
9-4-2015 10:53 MDT,80.1,16.1,24.2,210
9-4-2015 9:53 MDT,75.9,13.8,,220
9-4-2015 8:53 MDT,72,10.4,,240
9-4-2015 7:53 MDT,66,5.8,,240
9-4-2015 6:53 MDT,60.1,10.4,,250
9-4-2015 5:53 MDT,57,4.6,,320
9-4-2015 4:53 MDT,60.1,9.2,,320
9-4-2015 3:53 MDT,62.1,5.8,,250
9-4-2015 2:53 MDT,64,5.8,,250
9-4-2015 1:53 MDT,59,5.8,,260
9-4-2015 0:53 MDT,66.9,11.5,,220
9-3-2015 23:53 MDT,68,17.3,26.5,200
9-3-2015 22:53 MDT,64.9,8.1,,250
9-3-2015 21:53 MDT,72,3.5,,150
9-3-2015 20:53 MDT,72,9.2,19.6,120
9-3-2015 19:53 MDT,73,27.6,35.7,180
9-3-2015 18:53 MDT,80.1,18.4,26.5,210
9-3-2015 17:53 MDT,82.9,21.9,28.8,220
9-3-2015 16:53 MDT,84.9,11.5,,190
9-3-2015 15:53 MDT,84.9,19.6,26.5,210
9-3-2015 14:53 MDT,86,17.3,,190
9-3-2015 13:53 MDT,86,6.9,,170
9-3-2015 12:53 MDT,84,11.5,,190
9-3-2015 11:53 MDT,82.9,18.4,,190
9-3-2015 10:53 MDT,82,19.6,26.5,210
9-3-2015 9:53 MDT,80.1,18.4,,200
9-3-2015 8:53 MDT,75,21.9,,200
9-3-2015 7:53 MDT,71.1,17.3,,200
9-3-2015 6:53 MDT,64,10.4,,230
9-3-2015 5:53 MDT,61,5.8,,230
9-3-2015 4:53 MDT,66,3.5,,230
9-3-2015 3:53 MDT,59,0,,
9-3-2015 2:53 MDT,59,3.5,,250
9-3-2015 1:53 MDT,66,9.2,,230
9-3-2015 0:53 MDT,69.1,10.4,,220
9-2-2015 23:53 MDT,71.1,12.7,,200
9-2-2015 22:53 MDT,72,12.7,,200
9-2-2015 21:53 MDT,66.9,9.2,,220
9-2-2015 20:53 MDT,68,9.2,,210
9-2-2015 19:53 MDT,73.9,6.9,,220
9-2-2015 18:53 MDT,84,13.8,,230
9-2-2015 17:53 MDT,86,19.6,31.1,240
9-2-2015 16:53 MDT,88,16.1,,220
9-2-2015 15:53 MDT,87.1,16.1,29.9,220
9-2-2015 14:53 MDT,88,17.3,33.4,220
9-2-2015 13:53 MDT,86,15,25.3,220
9-2-2015 12:53 MDT,89.1,20.7,31.1,260
9-2-2015 12:27 MDT,88,19.6,24.2,230
9-2-2015 11:53 MDT,86,19.6,31.1,230
9-2-2015 10:53 MDT,82,24.2,33.4,240
9-2-2015 9:53 MDT,79,24.2,29.9,220
9-2-2015 8:53 MDT,73.9,23,31.1,210
9-2-2015 7:53 MDT,70,19.6,,210
9-2-2015 6:53 MDT,66.9,16.1,,210
9-2-2015 5:53 MDT,66,13.8,21.9,210
9-2-2015 4:53 MDT,66.9,20.7,26.5,200
9-2-2015 3:53 MDT,68,18.4,,210
9-2-2015 2:53 MDT,70,21.9,,220
9-2-2015 1:53 MDT,71.1,19.6,,210
9-2-2015 0:53 MDT,70,15,,210
9-1-2015 23:53 MDT,64.9,6.9,,250
9-1-2015 22:53 MDT,72,13.8,,220
9-1-2015 21:53 MDT,70,9.2,,180
9-1-2015 20:53 MDT,75.9,6.9,,200
9-1-2015 20:41 MDT,75.9,9.2,,220
9-1-2015 20:30 MDT,78.1,17.3,23,210
9-1-2015 20:13 MDT,80.1,23,28.8,200
9-1-2015 19:53 MDT,80.1,31.1,47.2,220
9-1-2015 18:53 MDT,81,9.2,,180
9-1-2015 18:25 MDT,84.9,13.8,21.9,190
9-1-2015 18:10 MDT,84.9,13.8,,220
9-1-2015 17:53 MDT,88,20.7,,230
9-1-2015 16:53 MDT,89.1,19.6,28.8,260
9-1-2015 15:53 MDT,90,13.8,23,240
9-1-2015 14:53 MDT,89.1,16.1,23,250
9-1-2015 13:53 MDT,87.1,19.6,29.9,280
9-1-2015 12:53 MDT,87.1,15,24.2,260
9-1-2015 11:53 MDT,84.9,18.4,27.6,250
9-1-2015 11:31 MDT,84,18.4,23,270
9-1-2015 10:53 MDT,80.1,17.3,25.3,210
9-1-2015 9:53 MDT,73.9,21.9,,210
9-1-2015 8:53 MDT,70,24.2,28.8,220
9-1-2015 7:53 MDT,64.9,12.7,,230
9-1-2015 6:53 MDT,59,8.1,,270
9-1-2015 5:53 MDT,59,15,,230
9-1-2015 4:53 MDT,61,13.8,,220
9-1-2015 3:53 MDT,60.1,12.7,,220
9-1-2015 2:53 MDT,62.1,11.5,,220
9-1-2015 1:53 MDT,64,11.5,,220
9-1-2015 0:53 MDT,64,13.8,,230
8-31-2015 23:53 MDT,66.9,18.4,24.2,210
8-31-2015 22:53 MDT,68,19.6,,210
8-31-2015 21:53 MDT,69.1,18.4,,210
8-31-2015 20:53 MDT,70,21.9,,200
8-31-2015 19:53 MDT,75,19.6,,200
8-31-2015 18:53 MDT,81,16.1,,250
8-31-2015 17:53 MDT,82.4,18.4,26.5,240
8-31-2015 16:53 MDT,84.9,20.7,27.6,250
8-31-2015 15:53 MDT,88,20.7,28.8,250
8-31-2015 14:53 MDT,87.1,21.9,32.2,230
8-31-2015 13:53 MDT,86,20.7,31.1,230
8-31-2015 12:53 MDT,84,19.6,29.9,220
8-31-2015 11:53 MDT,78.1,6.9,,260
8-31-2015 10:53 MDT,72,,,
8-31-2015 9:53 MDT,68,10.4,,340
8-31-2015 8:53 MDT,64,4.6,,350
8-31-2015 7:53 MDT,63,12.7,,360
8-31-2015 6:53 MDT,62.1,3.5,,
8-31-2015 5:53 MDT,64.9,3.5,,310
8-31-2015 4:53 MDT,62.1,0,,
8-31-2015 3:53 MDT,64.9,5.8,,260
8-31-2015 2:53 MDT,69.1,16.1,,220
8-31-2015 1:53 MDT,71.1,17.3,26.5,210
8-31-2015 0:53 MDT,72,21.9,,210
8-30-2015 23:53 MDT,71.1,19.6,,210
8-30-2015 22:53 MDT,72,18.4,26.5,210
8-30-2015 21:53 MDT,71.1,15,,210
8-30-2015 20:53 MDT,71.1,10.4,,220
8-30-2015 19:53 MDT,73,13.8,,200
8-30-2015 18:53 MDT,75.9,12.7,,240
8-30-2015 17:53 MDT,82,11.5,,220
8-30-2015 16:53 MDT,82,16.1,,240
8-30-2015 15:53 MDT,87.1,23,27.6,250
8-30-2015 14:53 MDT,82.9,23,35.7,230
8-30-2015 13:53 MDT,91,16.1,,260
8-30-2015 12:53 MDT,91,17.3,28.8,230
8-30-2015 11:53 MDT,86,17.3,,230
8-30-2015 10:53 MDT,88,23,31.1,220
8-30-2015 9:53 MDT,84,24.2,31.1,210
8-30-2015 8:53 MDT,79,19.6,27.6,220
8-30-2015 7:53 MDT,75.9,17.3,26.5,210
8-30-2015 6:53 MDT,64,9.2,,250
8-30-2015 5:53 MDT,72,13.8,18.4,210
8-30-2015 4:53 MDT,64.9,8.1,,230
8-30-2015 3:53 MDT,66,11.5,,240
8-30-2015 2:53 MDT,62.1,8.1,,250
8-30-2015 1:53 MDT,66.9,10.4,,210
8-30-2015 0:53 MDT,66.9,11.5,,240
8-29-2015 23:53 MDT,64.9,8.1,,260
8-29-2015 22:53 MDT,66,5.8,,250
8-29-2015 21:53 MDT,68,3.5,,200
8-29-2015 20:53 MDT,71.1,6.9,,170
8-29-2015 19:53 MDT,77,9.2,,180
8-29-2015 18:53 MDT,84,10.4,,180
8-29-2015 17:53 MDT,89.1,10.4,,190
8-29-2015 16:53 MDT,91,12.7,25.3,230
8-29-2015 15:53 MDT,91,11.5,20.7,230
8-29-2015 14:53 MDT,91,16.1,20.7,210
8-29-2015 13:53 MDT,91,16.1,23,210
8-29-2015 12:53 MDT,89.1,9.2,23,200
8-29-2015 11:53 MDT,87.1,16.1,25.3,200
8-29-2015 10:53 MDT,84.9,20.7,26.5,220
8-29-2015 9:53 MDT,81,19.6,26.5,200
8-29-2015 8:53 MDT,73.9,6.9,,170
8-29-2015 7:53 MDT,64,9.2,,230
8-29-2015 6:53 MDT,57.9,11.5,,210
8-29-2015 5:53 MDT,59,9.2,,190
8-29-2015 4:53 MDT,57,6.9,,240
8-29-2015 3:53 MDT,55.9,5.8,,220
8-29-2015 2:53 MDT,55,6.9,,250
8-29-2015 1:53 MDT,59,10.4,,250
8-29-2015 0:53 MDT,51.1,4.6,,290
8-28-2015 23:53 MDT,61,5.8,,290
8-28-2015 22:53 MDT,57,0,,
8-28-2015 21:53 MDT,57.9,4.6,,40
8-28-2015 20:53 MDT,64.9,3.5,,160
8-28-2015 19:53 MDT,73,6.9,,170
8-28-2015 18:53 MDT,78.1,5.8,,170
8-28-2015 17:53 MDT,82.9,10.4,,180
8-28-2015 16:53 MDT,82.9,9.2,,190
8-28-2015 15:53 MDT,82.9,8.1,,200
8-28-2015 14:53 MDT,81,4.6,,180
8-28-2015 13:53 MDT,81,6.9,,250
8-28-2015 12:53 MDT,80.1,9.2,,230
8-28-2015 11:53 MDT,75.9,12.7,19.6,240
8-28-2015 10:53 MDT,72,11.5,,220
8-28-2015 9:53 MDT,68,18.4,,220
8-28-2015 8:53 MDT,64.9,17.3,,210
8-28-2015 7:53 MDT,61,12.7,,220
8-28-2015 6:53 MDT,57,11.5,,230
8-28-2015 5:53 MDT,54,6.9,,240
8-28-2015 4:53 MDT,55,13.8,,230
8-28-2015 3:53 MDT,55.9,6.9,,230
8-28-2015 2:53 MDT,59,11.5,,240
8-28-2015 1:53 MDT,60.1,11.5,,230
8-28-2015 0:53 MDT,62.1,8.1,,230
8-27-2015 23:53 MDT,64.9,11.5,,300
8-27-2015 22:53 MDT,64.9,15,25.3,330
8-27-2015 21:53 MDT,64,19.6,25.3,330
8-27-2015 20:53 MDT,66,6.9,,200
8-27-2015 20:23 MDT,69.1,10.4,,140
8-27-2015 19:53 MDT,70,6.9,,130
8-27-2015 19:22 MDT,72,10.4,,80
8-27-2015 19:07 MDT,75,6.9,,30
8-27-2015 18:53 MDT,75,4.6,,10
8-27-2015 17:53 MDT,77,3.5,,
8-27-2015 16:53 MDT,77,8.1,,170
8-27-2015 15:53 MDT,79,,,
8-27-2015 14:53 MDT,78.1,13.8,,240
8-27-2015 13:53 MDT,75.9,0,,
8-27-2015 12:53 MDT,77,4.6,,270
8-27-2015 11:53 MDT,73,3.5,,
8-27-2015 10:53 MDT,70,3.5,,240
8-27-2015 9:53 MDT,68,6.9,,250
8-27-2015 8:53 MDT,64,6.9,,230
8-27-2015 7:53 MDT,66,9.2,,250
8-27-2015 6:53 MDT,64.9,12.7,,220
8-27-2015 5:53 MDT,64,9.2,,250
8-27-2015 4:53 MDT,64.9,6.9,,240
8-27-2015 3:53 MDT,66,5.8,,240
8-27-2015 2:53 MDT,66.9,10.4,,270
8-27-2015 1:53 MDT,66.9,10.4,,250
8-27-2015 0:53 MDT,66,9.2,,220
8-26-2015 23:53 MDT,71.1,9.2,,230
8-26-2015 22:53 MDT,72,12.7,,210
8-26-2015 21:53 MDT,75,8.1,,260
8-26-2015 20:53 MDT,70,15,,250
8-26-2015 19:53 MDT,79,4.6,,330
8-26-2015 18:53 MDT,82.9,16.1,,350
8-26-2015 17:53 MDT,87.1,18.4,,340
8-26-2015 17:16 MDT,89.1,19.6,,350
8-26-2015 16:53 MDT,91,6.9,,270
8-26-2015 15:53 MDT,93.9,10.4,20.7,310
8-26-2015 14:53 MDT,93,6.9,23,
8-26-2015 13:53 MDT,93.9,15,21.9,250
8-26-2015 12:53 MDT,91.9,12.7,24.2,240
8-26-2015 11:53 MDT,86,15,,200
8-26-2015 10:53 MDT,86,18.4,,200
8-26-2015 9:53 MDT,82,18.4,,220
8-26-2015 8:53 MDT,75,12.7,,220
8-26-2015 7:53 MDT,66.9,9.2,,240
8-26-2015 6:53 MDT,62.1,11.5,,260
8-26-2015 5:53 MDT,51.1,5.8,,330
8-26-2015 4:53 MDT,57.9,9.2,,340
8-26-2015 3:53 MDT,53.1,4.6,,250
8-26-2015 2:53 MDT,55,0,,
8-26-2015 1:53 MDT,59,4.6,,300
8-26-2015 0:53 MDT,61,5.8,,290
8-25-2015 23:53 MDT,61,9.2,,280
8-25-2015 22:53 MDT,72,3.5,,360
8-25-2015 21:53 MDT,72,8.1,,230
8-25-2015 20:53 MDT,75,12.7,,10
8-25-2015 19:53 MDT,73.9,0,,
8-25-2015 18:53 MDT,87.1,6.9,,150
8-25-2015 17:53 MDT,91.9,0,,
8-25-2015 16:53 MDT,93,0,,
8-25-2015 15:53 MDT,95,3.5,,
8-25-2015 14:53 MDT,91.9,4.6,,330
8-25-2015 13:53 MDT,93.9,5.8,,
8-25-2015 12:53 MDT,91.9,5.8,17.3,200
8-25-2015 11:53 MDT,89.1,9.2,17.3,240
8-25-2015 10:53 MDT,86,13.8,,240
8-25-2015 9:53 MDT,82,16.1,23,230
8-25-2015 8:53 MDT,77,5.8,,230
8-25-2015 7:53 MDT,66.9,9.2,,250
8-25-2015 6:53 MDT,55,0,,
8-25-2015 5:53 MDT,57.9,9.2,,240
8-25-2015 4:53 MDT,57,8.1,,250
8-25-2015 3:53 MDT,57,8.1,,210
8-25-2015 2:53 MDT,61,0,,
8-25-2015 1:53 MDT,60.1,6.9,,260
8-25-2015 0:53 MDT,59,6.9,,250
8-24-2015 23:53 MDT,62.1,5.8,,170
8-24-2015 22:53 MDT,64,11.5,,50
8-24-2015 21:53 MDT,66.9,8.1,,10
8-24-2015 20:53 MDT,71.1,0,,
8-24-2015 19:53 MDT,78.1,8.1,,120
8-24-2015 18:53 MDT,82.9,8.1,,120
8-24-2015 17:53 MDT,88,5.8,,110
8-24-2015 16:53 MDT,88,8.1,,150
8-24-2015 15:53 MDT,88,10.4,,150
8-24-2015 14:53 MDT,88,6.9,,220
8-24-2015 13:53 MDT,86,0,,
8-24-2015 12:53 MDT,82,6.9,,220
8-24-2015 11:53 MDT,80.1,5.8,,
8-24-2015 10:53 MDT,75,9.2,,240
8-24-2015 9:53 MDT,69.1,19.6,,230
8-24-2015 8:53 MDT,62.1,10.4,,240
8-24-2015 7:53 MDT,53.1,8.1,,240
8-24-2015 6:53 MDT,44.1,8.1,,280
8-24-2015 5:53 MDT,41,8.1,,250
8-24-2015 4:53 MDT,42.1,5.8,,250
8-24-2015 3:53 MDT,42.1,3.5,,260
8-24-2015 2:53 MDT,45,0,,
8-24-2015 1:53 MDT,45,5.8,,310
8-24-2015 0:53 MDT,45,6.9,,320
8-23-2015 23:53 MDT,48.9,8.1,,330
8-23-2015 22:53 MDT,52,4.6,,50
8-23-2015 21:53 MDT,60.1,0,,
8-23-2015 20:53 MDT,66,9.2,,90
8-23-2015 17:53 MDT,81,4.6,,120
8-23-2015 16:53 MDT,81,8.1,,100
8-23-2015 15:53 MDT,80.1,4.6,,
8-23-2015 14:53 MDT,79,9.2,24.2,240
8-23-2015 13:53 MDT,75,5.8,,
8-23-2015 12:53 MDT,71.1,5.8,,110
8-23-2015 11:53 MDT,66.9,0,,
8-23-2015 10:53 MDT,61,5.8,,
8-23-2015 9:53 MDT,54,4.6,,210
8-23-2015 8:53 MDT,48,5.8,,240
8-23-2015 7:53 MDT,42.1,0,,
8-23-2015 6:53 MDT,33.1,4.6,,340
8-23-2015 5:53 MDT,30.9,0,,
8-23-2015 4:53 MDT,32,0,,
8-23-2015 3:53 MDT,33.1,3.5,,330
8-23-2015 2:53 MDT,33.1,5.8,,350
8-23-2015 1:53 MDT,37,6.9,,320
8-23-2015 0:53 MDT,44.1,6.9,,90
8-22-2015 23:53 MDT,41,0,,
8-22-2015 22:53 MDT,44.1,0,,
8-22-2015 21:53 MDT,48,8.1,,40
8-22-2015 20:53 MDT,53.1,11.5,,30
8-22-2015 19:53 MDT,55,10.4,,30
8-22-2015 18:53 MDT,61,15,,40
8-22-2015 17:53 MDT,64,17.3,,30
8-22-2015 16:53 MDT,66,11.5,23,340
8-22-2015 15:53 MDT,64.9,9.2,20.7,360
8-22-2015 14:53 MDT,64.9,18.4,23,360
8-22-2015 13:53 MDT,64,15,19.6,350
8-22-2015 12:53 MDT,60.1,4.6,,20
8-22-2015 11:53 MDT,57.9,4.6,,
8-22-2015 10:53 MDT,53.1,9.2,,80
8-22-2015 10:27 MDT,51.1,8.1,,70
8-22-2015 9:53 MDT,50,12.7,,50
8-22-2015 8:53 MDT,50,19.6,,30
8-22-2015 7:53 MDT,51.1,19.6,25.3,40
8-22-2015 7:29 MDT,52,13.8,,50
8-22-2015 7:05 MDT,51.1,13.8,24.2,40
8-22-2015 6:53 MDT,52,12.7,19.6,50
8-22-2015 6:49 MDT,51.8,13.8,19.6,50
8-22-2015 5:53 MDT,52,6.9,,30
8-22-2015 4:53 MDT,55.9,9.2,,360
8-22-2015 3:53 MDT,59,9.2,,40
8-22-2015 2:53 MDT,64.9,9.2,,240
8-22-2015 1:53 MDT,59,5.8,,240
8-22-2015 0:53 MDT,64.9,9.2,,260
8-21-2015 23:53 MDT,66,11.5,,250
8-21-2015 22:53 MDT,66,9.2,,240
8-21-2015 21:53 MDT,73.9,15,,240
8-21-2015 20:53 MDT,73,12.7,,250
8-21-2015 19:53 MDT,81,16.1,,250
8-21-2015 18:53 MDT,86,24.2,34.5,250
8-21-2015 17:53 MDT,88,23,29.9,260
8-21-2015 16:53 MDT,90,24.2,35.7,250
8-21-2015 15:53 MDT,90,25.3,33.4,250
8-21-2015 14:53 MDT,90,28.8,36.8,240
8-21-2015 13:53 MDT,89.1,21.9,29.9,230
8-21-2015 12:53 MDT,88,17.3,35.7,260
8-21-2015 12:22 MDT,87.1,20.7,27.6,280
8-21-2015 11:53 MDT,84.9,19.6,26.5,220
8-21-2015 10:53 MDT,79,23,28.8,210
8-21-2015 9:53 MDT,73.9,19.6,,190
8-21-2015 8:53 MDT,70,18.4,,200
8-21-2015 7:53 MDT,59,5.8,,250
8-21-2015 6:53 MDT,52,6.9,,240
8-21-2015 5:53 MDT,52,8.1,,240
8-21-2015 4:53 MDT,54,10.4,,250
8-21-2015 3:53 MDT,53.1,13.8,,250
8-21-2015 2:53 MDT,53.1,5.8,,300
8-21-2015 1:53 MDT,50,6.9,,280
8-21-2015 0:53 MDT,50,10.4,,310
8-20-2015 23:53 MDT,50,0,,
8-20-2015 22:53 MDT,54,3.5,,210
8-20-2015 21:53 MDT,57,0,,
8-20-2015 20:53 MDT,60.1,0,,
8-20-2015 19:53 MDT,70,5.8,,340
8-20-2015 18:53 MDT,78.1,5.8,,320
8-20-2015 17:53 MDT,82,8.1,,290
8-20-2015 16:53 MDT,82.9,13.8,,290
8-20-2015 15:53 MDT,82.9,11.5,19.6,280
8-20-2015 14:53 MDT,81,9.2,21.9,260
8-20-2015 13:53 MDT,81,8.1,,210
8-20-2015 12:53 MDT,79,12.7,,220
8-20-2015 11:53 MDT,75.9,6.9,,
8-20-2015 10:53 MDT,73.9,8.1,,250
8-20-2015 9:53 MDT,69.1,10.4,,240
8-20-2015 8:53 MDT,63,12.7,,230
8-20-2015 7:53 MDT,54,10.4,,230
8-20-2015 6:53 MDT,48.9,10.4,,250
8-20-2015 5:53 MDT,46,9.2,,250
8-20-2015 4:53 MDT,46,9.2,,240
8-20-2015 3:53 MDT,45,8.1,,250
8-20-2015 2:53 MDT,48,5.8,,260
8-20-2015 1:53 MDT,46.9,0,,
8-20-2015 0:53 MDT,46.9,5.8,,260
8-19-2015 23:53 MDT,51.1,5.8,,20
8-19-2015 22:53 MDT,53.1,4.6,,260
8-19-2015 21:53 MDT,57,5.8,,170
8-19-2015 20:53 MDT,57.9,5.8,,350
8-19-2015 19:53 MDT,63,8.1,,340
8-19-2015 18:53 MDT,73.9,8.1,,320
8-19-2015 17:53 MDT,75,10.4,,250
8-19-2015 16:53 MDT,73.9,9.2,16.1,270
8-19-2015 15:53 MDT,72,8.1,20.7,260
8-19-2015 14:53 MDT,70,,,
8-19-2015 13:53 MDT,69.1,11.5,,230
8-19-2015 12:53 MDT,66.9,11.5,25.3,250
8-19-2015 11:53 MDT,62.1,6.9,,
8-19-2015 10:53 MDT,59,,,
8-19-2015 9:53 MDT,55,6.9,,250
8-19-2015 8:53 MDT,51.1,4.6,,290
8-19-2015 7:53 MDT,45,4.6,,230
8-19-2015 6:53 MDT,42.1,5.8,,240
8-19-2015 6:36 MDT,45,0,,
8-19-2015 5:53 MDT,41,0,,
8-19-2015 5:51 MDT,41,0,,
8-19-2015 5:11 MDT,43,0,,
8-19-2015 4:53 MDT,45,3.5,,190
8-19-2015 4:51 MDT,44.6,3.5,,200
8-19-2015 4:03 MDT,46,0,,
8-19-2015 3:53 MDT,46,3.5,,320
8-19-2015 3:45 MDT,46,3.5,,330
8-19-2015 3:30 MDT,45,4.6,,330
8-19-2015 3:06 MDT,45,3.5,,280
8-19-2015 2:53 MDT,46.9,3.5,,280
8-19-2015 2:35 MDT,46,5.8,,270
8-19-2015 1:53 MDT,46.9,8.1,,20
8-19-2015 0:53 MDT,46.9,8.1,,360
8-18-2015 23:53 MDT,46.9,11.5,,360
8-18-2015 22:53 MDT,46.9,9.2,,20
8-18-2015 22:29 MDT,48,9.2,,20
8-18-2015 21:53 MDT,48,15,,20
8-18-2015 21:41 MDT,48.9,12.7,,20
8-18-2015 20:53 MDT,50,5.8,,220
8-18-2015 19:53 MDT,50,3.5,,310
8-18-2015 18:53 MDT,52,6.9,,340
8-18-2015 17:53 MDT,55.9,13.8,,50
8-18-2015 16:53 MDT,61,24.2,31.1,30
8-18-2015 15:53 MDT,62.1,16.1,20.7,50
8-18-2015 14:53 MDT,60.1,8.1,,330
8-18-2015 13:53 MDT,63,6.9,,360
8-18-2015 12:53 MDT,64,0,,
8-18-2015 11:53 MDT,61,3.5,,
8-18-2015 10:53 MDT,57.9,0,,
8-18-2015 9:53 MDT,55.9,5.8,,270
8-18-2015 8:53 MDT,52,11.5,,230
8-18-2015 7:53 MDT,48,8.1,,230
8-18-2015 6:53 MDT,44.1,6.9,,240
8-18-2015 5:53 MDT,44.1,0,,
8-18-2015 4:53 MDT,45,5.8,,170
8-18-2015 4:36 MDT,45,5.8,,170
8-18-2015 3:53 MDT,46,5.8,,230
8-18-2015 3:34 MDT,45,5.8,,240
8-18-2015 2:53 MDT,42.1,6.9,,230
8-18-2015 1:53 MDT,43,4.6,,280
8-18-2015 0:53 MDT,46.9,6.9,,30
8-18-2015 0:39 MDT,46.9,6.9,,40
8-18-2015 0:18 MDT,48,10.4,,40
8-17-2015 23:53 MDT,48,16.1,,40
8-17-2015 22:53 MDT,48,10.4,,30
8-17-2015 21:53 MDT,48.9,11.5,25.3,20
8-17-2015 20:53 MDT,50,40.3,51.8,30
8-17-2015 20:26 MDT,51.1,36.8,49.5,20
8-17-2015 20:08 MDT,53.1,39.1,59.8,20
8-17-2015 20:01 MDT,57,44.9,59.8,10
8-17-2015 19:53 MDT,64,19.6,28.8,350
8-17-2015 19:41 MDT,64,11.5,,40
8-17-2015 19:34 MDT,63,8.1,,10
8-17-2015 19:13 MDT,69.1,16.1,,60
8-17-2015 19:04 MDT,70,19.6,,60
8-17-2015 18:53 MDT,72,16.1,,50
8-17-2015 17:53 MDT,75,15,,100
8-17-2015 16:53 MDT,75.9,20.7,25.3,80
8-17-2015 15:53 MDT,75.9,19.6,,80
8-17-2015 14:53 MDT,80.1,9.2,,110
8-17-2015 13:53 MDT,75,5.8,,
8-17-2015 12:53 MDT,70,5.8,,160
8-17-2015 11:53 MDT,66.9,5.8,,160
8-17-2015 10:53 MDT,64,5.8,,60
8-17-2015 10:40 MDT,63,0,,
8-17-2015 9:53 MDT,60.1,4.6,,80
8-17-2015 8:53 MDT,55.9,6.9,,100
8-17-2015 7:53 MDT,55,8.1,,80
8-17-2015 6:53 MDT,55,10.4,,90
8-17-2015 5:53 MDT,55.9,10.4,,90
8-17-2015 4:53 MDT,57,6.9,,80
8-17-2015 4:43 MDT,57,8.1,,90
8-17-2015 3:53 MDT,57,10.4,,60
8-17-2015 2:53 MDT,57.9,8.1,,30
8-17-2015 2:30 MDT,57,10.4,,40
8-17-2015 2:19 MDT,57,10.4,,50
8-17-2015 1:53 MDT,57.9,12.7,,60
8-17-2015 0:53 MDT,59,16.1,,50
8-17-2015 0:31 MDT,60.1,15,,50
8-16-2015 23:53 MDT,61,16.1,,40
8-16-2015 22:53 MDT,59,18.4,,10
8-16-2015 21:53 MDT,60.1,17.3,,10
8-16-2015 20:53 MDT,63,17.3,25.3,10
8-16-2015 19:53 MDT,68,25.3,32.2,10
8-16-2015 18:53 MDT,73.9,24.2,28.8,10
8-16-2015 17:53 MDT,80.1,13.8,,70
8-16-2015 16:53 MDT,80.1,12.7,,100
8-16-2015 15:53 MDT,81,10.4,,90
8-16-2015 14:53 MDT,80.1,6.9,,30
8-16-2015 13:53 MDT,75.9,0,,
8-16-2015 12:53 MDT,73.9,8.1,,20
8-16-2015 11:53 MDT,69.1,4.6,,350
8-16-2015 10:53 MDT,66,4.6,,10
8-16-2015 9:53 MDT,64.9,4.6,,
8-16-2015 8:53 MDT,63,6.9,,20
8-16-2015 7:53 MDT,60.1,6.9,,350
8-16-2015 6:53 MDT,55,3.5,,30
8-16-2015 5:53 MDT,55,3.5,,50
8-16-2015 4:53 MDT,55,0,,
8-16-2015 3:53 MDT,60.1,10.4,,360
8-16-2015 2:53 MDT,62.1,9.2,,360
8-16-2015 1:53 MDT,62.1,3.5,,360
8-16-2015 0:53 MDT,64,8.1,,330
8-15-2015 23:53 MDT,70,9.2,,320
8-15-2015 23:24 MDT,73,10.4,,300
8-15-2015 22:53 MDT,72,10.4,,220
8-15-2015 21:53 MDT,71.1,6.9,,230
8-15-2015 20:53 MDT,73.9,8.1,,230
8-15-2015 19:53 MDT,82,6.9,16.1,220
8-15-2015 18:53 MDT,81,8.1,,170
8-15-2015 17:53 MDT,84,16.1,,160
8-15-2015 16:53 MDT,78.1,4.6,,30
8-15-2015 16:35 MDT,73.9,11.5,25.3,330
8-15-2015 16:26 MDT,78.1,19.6,35.7,330
8-15-2015 16:05 MDT,88,6.9,,270
8-15-2015 15:53 MDT,91,11.5,,320
8-15-2015 15:49 MDT,89.6,15,,310
8-15-2015 15:34 MDT,91,18.4,25.3,320
8-15-2015 15:12 MDT,84.9,10.4,19.6,290
8-15-2015 14:53 MDT,81,9.2,26.5,340
8-15-2015 14:14 MDT,91,10.4,,250
8-15-2015 13:53 MDT,91.9,6.9,,
8-15-2015 12:53 MDT,91.9,8.1,,290
8-15-2015 11:53 MDT,88,10.4,,230
8-15-2015 10:53 MDT,84.9,15,,230
8-15-2015 9:53 MDT,82.9,16.1,,240
8-15-2015 8:53 MDT,79,10.4,,220
8-15-2015 7:53 MDT,75.9,13.8,23,250
8-15-2015 6:53 MDT,68,6.9,,310
8-15-2015 5:53 MDT,68,9.2,,240
8-15-2015 4:53 MDT,71.1,11.5,,280
8-15-2015 3:53 MDT,71.1,11.5,,240
8-15-2015 2:53 MDT,73,11.5,,230
8-15-2015 1:53 MDT,72,5.8,,220
8-15-2015 0:53 MDT,72,5.8,,250
8-14-2015 23:53 MDT,77,9.2,,200
8-14-2015 22:53 MDT,75,4.6,,
8-14-2015 21:53 MDT,73.9,5.8,,110
8-14-2015 20:53 MDT,71.1,3.5,,160
8-14-2015 19:53 MDT,77,6.9,,60
8-14-2015 19:10 MDT,79,11.5,,80
8-14-2015 18:53 MDT,78.1,10.4,,80
8-14-2015 18:48 MDT,78.8,12.7,,70
8-14-2015 18:24 MDT,78.1,10.4,,140
8-14-2015 17:53 MDT,86,26.5,34.5,210
8-14-2015 16:53 MDT,95,6.9,,190
8-14-2015 15:53 MDT,93.9,4.6,,
8-14-2015 14:53 MDT,95,6.9,,230
8-14-2015 13:53 MDT,93.9,10.4,24.2,220
8-14-2015 12:53 MDT,93,3.5,,
8-14-2015 11:53 MDT,91,11.5,,180
8-14-2015 10:53 MDT,84.9,6.9,,160
8-14-2015 9:53 MDT,79,4.6,,
8-14-2015 8:53 MDT,73,0,,
8-14-2015 7:53 MDT,64.9,0,,
8-14-2015 6:53 MDT,55,0,,
8-14-2015 5:53 MDT,54,4.6,,280
8-14-2015 4:53 MDT,54,4.6,,40
8-14-2015 3:53 MDT,54,3.5,,320
8-14-2015 2:53 MDT,55.9,4.6,,300
8-14-2015 1:53 MDT,55.9,4.6,,330
8-14-2015 0:53 MDT,60.1,6.9,,340
8-13-2015 23:53 MDT,62.1,5.8,,50
8-13-2015 22:53 MDT,64.9,6.9,,60
8-13-2015 21:53 MDT,73,6.9,,80
8-13-2015 20:53 MDT,75,8.1,,50
8-13-2015 19:53 MDT,81,10.4,,30
8-13-2015 18:53 MDT,89.1,16.1,20.7,40
8-13-2015 17:53 MDT,91.9,0,,
8-13-2015 16:53 MDT,91.9,5.8,,280
8-13-2015 15:53 MDT,89.1,0,,
8-13-2015 14:53 MDT,88,3.5,,40
8-13-2015 13:53 MDT,87.1,3.5,,300
8-13-2015 12:53 MDT,88,3.5,,
8-13-2015 11:53 MDT,87.1,8.1,,320
8-13-2015 10:53 MDT,82.9,3.5,,
8-13-2015 9:53 MDT,79,12.7,,220
8-13-2015 8:53 MDT,75.9,15,,220
8-13-2015 7:53 MDT,71.1,11.5,,230
8-13-2015 6:53 MDT,64,9.2,,240
8-13-2015 5:53 MDT,66,13.8,,240
8-13-2015 4:53 MDT,64.9,10.4,,230
8-13-2015 3:53 MDT,61,10.4,,260
8-13-2015 2:53 MDT,61,5.8,,260
8-13-2015 1:53 MDT,62.1,6.9,,230
8-13-2015 0:53 MDT,64.9,9.2,,260
8-12-2015 23:53 MDT,64.9,3.5,,310
8-12-2015 22:53 MDT,64.9,6.9,,300
8-12-2015 21:53 MDT,70,6.9,,210
8-12-2015 20:53 MDT,73,8.1,,360
8-12-2015 19:53 MDT,73.9,17.3,25.3,340
8-12-2015 19:41 MDT,77,15,,320
8-12-2015 18:53 MDT,84.9,17.3,29.9,230
8-12-2015 17:53 MDT,86,20.7,29.9,190
8-12-2015 16:53 MDT,87.1,16.1,,210
8-12-2015 15:53 MDT,90,17.3,27.6,210
8-12-2015 14:53 MDT,90,18.4,,200
8-12-2015 13:53 MDT,90,18.4,31.1,220
8-12-2015 12:53 MDT,82,25.3,32.2,210
8-12-2015 11:53 MDT,80.1,21.9,31.1,220
8-12-2015 10:53 MDT,81,16.1,28.8,210
8-12-2015 9:53 MDT,80.1,21.9,28.8,210
8-12-2015 8:53 MDT,75.9,15,,210
8-12-2015 7:53 MDT,75,13.8,,220
8-12-2015 6:53 MDT,71.1,10.4,,230
8-12-2015 5:53 MDT,66,5.8,,330
8-12-2015 4:53 MDT,66,6.9,,240
8-12-2015 3:53 MDT,73,8.1,,230
8-12-2015 2:53 MDT,68,3.5,,270
8-12-2015 1:53 MDT,73.9,9.2,,200
8-12-2015 0:53 MDT,73,9.2,,210
8-11-2015 23:53 MDT,75.9,16.1,23,210
8-11-2015 23:18 MDT,78.1,16.1,25.3,200
8-11-2015 22:53 MDT,77,5.8,,160
8-11-2015 21:53 MDT,78.1,9.2,,170
8-11-2015 21:38 MDT,82.9,11.5,32.2,100
8-11-2015 20:53 MDT,78.1,10.4,,150
8-11-2015 19:53 MDT,82.9,11.5,,120
8-11-2015 18:53 MDT,88,12.7,,110
8-11-2015 17:53 MDT,89.1,10.4,,120
8-11-2015 16:53 MDT,91.9,11.5,17.3,140
8-11-2015 15:53 MDT,91,0,,
8-11-2015 14:53 MDT,91,0,,
8-11-2015 13:53 MDT,91,8.1,,90
8-11-2015 12:53 MDT,86,0,,
8-11-2015 11:53 MDT,82,6.9,,150
8-11-2015 10:53 MDT,79,4.6,,
8-11-2015 9:53 MDT,73,3.5,,100
8-11-2015 8:53 MDT,68,3.5,,
8-11-2015 7:53 MDT,61,3.5,,110
8-11-2015 6:53 MDT,53.1,0,,
8-11-2015 5:53 MDT,51.1,3.5,,330
8-11-2015 4:53 MDT,52,6.9,,20
8-11-2015 3:53 MDT,54,8.1,,340
8-11-2015 2:53 MDT,55,6.9,,330
8-11-2015 1:53 MDT,61,0,,
8-11-2015 0:53 MDT,64.9,9.2,,90
8-10-2015 23:53 MDT,68,8.1,,100
8-10-2015 22:53 MDT,70,12.7,,100
8-10-2015 21:53 MDT,73,15,,100
8-10-2015 20:53 MDT,75.9,8.1,,110
8-10-2015 19:53 MDT,80.1,8.1,,100
8-10-2015 18:53 MDT,84,10.4,,150
8-10-2015 17:53 MDT,84.9,3.5,,
8-10-2015 16:53 MDT,86,6.9,,
8-10-2015 15:53 MDT,86,4.6,,110
8-10-2015 14:53 MDT,84.9,0,,
8-10-2015 13:53 MDT,82.9,6.9,17.3,150
8-10-2015 12:53 MDT,82.9,4.6,,20
8-10-2015 11:53 MDT,80.1,5.8,,
8-10-2015 10:53 MDT,75,3.5,,
8-10-2015 9:53 MDT,71.1,0,,
8-10-2015 8:53 MDT,64,3.5,,320
8-10-2015 7:53 MDT,55.9,0,,
8-10-2015 6:53 MDT,50,0,,
8-10-2015 5:53 MDT,45,0,,
8-10-2015 4:53 MDT,46.9,0,,
8-10-2015 3:53 MDT,48,5.8,,260
8-10-2015 2:53 MDT,46.9,8.1,,330
8-10-2015 1:53 MDT,50,3.5,,280
8-10-2015 0:53 MDT,59,6.9,,80
8-9-2015 23:53 MDT,55.9,5.8,,70
8-9-2015 22:53 MDT,55,0,,
8-9-2015 21:53 MDT,61,0,,
8-9-2015 20:53 MDT,62.1,9.2,,20
8-9-2015 19:53 MDT,70,6.9,,360
8-9-2015 18:53 MDT,78.1,12.7,,350
8-9-2015 17:53 MDT,80.1,11.5,,310
8-9-2015 16:53 MDT,81,8.1,24.2,270
8-9-2015 15:53 MDT,80.1,9.2,,310
8-9-2015 14:53 MDT,80.1,15,20.7,280
8-9-2015 13:53 MDT,79,16.1,23,260
8-9-2015 12:53 MDT,78.1,13.8,19.6,290
8-9-2015 11:53 MDT,73,9.2,17.3,310
8-9-2015 10:53 MDT,75,9.2,,310
8-9-2015 9:53 MDT,71.1,12.7,19.6,250
8-9-2015 8:53 MDT,66,11.5,,230
8-9-2015 7:53 MDT,61,11.5,,200
8-9-2015 6:53 MDT,51.1,4.6,,300
8-9-2015 5:53 MDT,46.9,6.9,,240
8-9-2015 4:53 MDT,48,4.6,,240
8-9-2015 3:53 MDT,48,0,,
8-9-2015 2:53 MDT,50,3.5,,240
8-9-2015 1:53 MDT,52,0,,
8-9-2015 0:53 MDT,53.1,8.1,,310
8-8-2015 23:53 MDT,55,8.1,,300
8-8-2015 22:53 MDT,61,0,,
8-8-2015 21:53 MDT,64.9,19.6,27.6,200
8-8-2015 20:53 MDT,68,4.6,,180
8-8-2015 20:22 MDT,71.1,21.9,,190
8-8-2015 19:53 MDT,75.9,19.6,27.6,280
8-8-2015 18:53 MDT,78.1,15,,300
8-8-2015 17:53 MDT,81,21.9,,310
8-8-2015 16:53 MDT,82,20.7,24.2,240
8-8-2015 15:53 MDT,81,17.3,25.3,270
8-8-2015 14:53 MDT,82.9,20.7,38,250
8-8-2015 13:53 MDT,82.9,23,34.5,270
8-8-2015 12:53 MDT,82,21.9,32.2,230
8-8-2015 11:53 MDT,78.1,20.7,,220
8-8-2015 10:53 MDT,77,23,33.4,220
8-8-2015 9:53 MDT,73,24.2,32.2,210
8-8-2015 8:53 MDT,71.1,23,29.9,220
8-8-2015 7:53 MDT,66,20.7,,210
8-8-2015 6:53 MDT,64,17.3,,200
8-8-2015 5:53 MDT,63,17.3,,220
8-8-2015 4:53 MDT,64,13.8,,210
8-8-2015 3:53 MDT,64.9,11.5,,200
8-8-2015 2:53 MDT,64.9,6.9,,190
8-8-2015 1:53 MDT,64,3.5,,
8-8-2015 0:53 MDT,59,3.5,,190
8-7-2015 23:53 MDT,59,0,,
8-7-2015 22:53 MDT,63,4.6,,220
8-7-2015 21:53 MDT,63,4.6,,180
8-7-2015 20:53 MDT,66,0,,
8-7-2015 19:53 MDT,69.1,6.9,,130
8-7-2015 18:53 MDT,71.1,9.2,,130
8-7-2015 17:53 MDT,73.9,0,,
8-7-2015 16:53 MDT,73.9,0,,
8-7-2015 15:53 MDT,73.9,11.5,,270
8-7-2015 14:53 MDT,73,8.1,27.6,260
8-7-2015 13:53 MDT,77,11.5,,240
8-7-2015 12:53 MDT,73.9,8.1,,210
8-7-2015 11:53 MDT,72,5.8,,250
8-7-2015 10:53 MDT,69.1,0,,
8-7-2015 9:53 MDT,64,0,,
8-7-2015 8:53 MDT,62.1,0,,
8-7-2015 7:53 MDT,57.9,4.6,,330
8-7-2015 6:53 MDT,51.1,5.8,,260
8-7-2015 5:53 MDT,48.9,5.8,,310
8-7-2015 4:53 MDT,51.1,3.5,,310
8-7-2015 3:53 MDT,52,5.8,,270
8-7-2015 2:53 MDT,55.9,8.1,,270
8-7-2015 1:53 MDT,59,5.8,,270
8-7-2015 0:53 MDT,59,6.9,,240
8-6-2015 23:53 MDT,57.9,10.4,,250
8-6-2015 22:53 MDT,60.1,5.8,,190
8-6-2015 21:53 MDT,66,3.5,,260
8-6-2015 20:53 MDT,69.1,6.9,,220
8-6-2015 19:53 MDT,75,5.8,,300
8-6-2015 18:53 MDT,81,9.2,,270
8-6-2015 17:53 MDT,84,11.5,,290
8-6-2015 16:53 MDT,84,11.5,18.4,300
8-6-2015 15:53 MDT,82.9,11.5,24.2,280
8-6-2015 14:53 MDT,82.9,15,28.8,290
8-6-2015 13:53 MDT,80.1,17.3,26.5,240
8-6-2015 12:53 MDT,79,17.3,,280
8-6-2015 11:53 MDT,77,17.3,24.2,260
8-6-2015 10:53 MDT,73.9,10.4,,290
8-6-2015 9:53 MDT,71.1,12.7,,270
8-6-2015 8:53 MDT,68,11.5,,300
8-6-2015 7:53 MDT,61,9.2,,230
8-6-2015 6:53 MDT,54,4.6,,190
8-6-2015 5:53 MDT,52,4.6,,340
8-6-2015 4:53 MDT,53.1,8.1,,330
8-6-2015 3:53 MDT,54,8.1,,330
8-6-2015 2:53 MDT,55,9.2,,230
8-6-2015 1:53 MDT,59,5.8,,240
8-6-2015 0:53 MDT,62.1,3.5,,200
8-5-2015 23:53 MDT,66,9.2,,320
8-5-2015 22:53 MDT,64.9,0,,
8-5-2015 21:53 MDT,69.1,10.4,,190
8-5-2015 21:16 MDT,71.1,28.8,41.4,210
8-5-2015 21:02 MDT,68,15,,170
8-5-2015 20:53 MDT,70,4.6,,
8-5-2015 20:25 MDT,75,3.5,,70
8-5-2015 19:53 MDT,75,3.5,,110
8-5-2015 18:53 MDT,78.1,0,,
8-5-2015 18:01 MDT,81,4.6,,280
8-5-2015 17:53 MDT,80.1,6.9,,290
8-5-2015 17:24 MDT,80.1,16.1,23,250
8-5-2015 17:11 MDT,82,9.2,,230
8-5-2015 16:53 MDT,79,11.5,23,280
8-5-2015 16:41 MDT,78.1,21.9,28.8,290
8-5-2015 16:22 MDT,81,21.9,35.7,170
8-5-2015 15:53 MDT,89.1,20.7,28.8,230
8-5-2015 15:10 MDT,87.1,11.5,,230
8-5-2015 14:53 MDT,90,12.7,,220
8-5-2015 13:53 MDT,87.1,11.5,23,200
8-5-2015 12:53 MDT,82.9,9.2,,170
8-5-2015 11:53 MDT,82,11.5,,220
8-5-2015 10:53 MDT,73,11.5,,160
8-5-2015 9:53 MDT,70,3.5,,
8-5-2015 8:53 MDT,64,5.8,,80
8-5-2015 7:53 MDT,59,4.6,,250
8-5-2015 6:53 MDT,53.1,3.5,,260
8-5-2015 5:53 MDT,54,6.9,,240
8-5-2015 4:53 MDT,53.1,3.5,,260
8-5-2015 3:53 MDT,55,4.6,,240
8-5-2015 2:53 MDT,54,3.5,,300
8-5-2015 1:53 MDT,55.9,5.8,,210
8-5-2015 0:53 MDT,59,5.8,,350
8-4-2015 23:53 MDT,59,10.4,,20
8-4-2015 22:53 MDT,63,6.9,,110
8-4-2015 22:16 MDT,66,9.2,,100
8-4-2015 21:53 MDT,66,8.1,,80
8-4-2015 20:53 MDT,70,9.2,,70
8-4-2015 19:53 MDT,73.9,6.9,,50
8-4-2015 18:53 MDT,78.1,9.2,,30
8-4-2015 17:53 MDT,78.1,5.8,,360
8-4-2015 16:53 MDT,79,11.5,,20
8-4-2015 15:53 MDT,75,11.5,,10
8-4-2015 15:08 MDT,75.9,18.4,24.2,330
8-4-2015 15:02 MDT,75.9,17.3,24.2,340
8-4-2015 14:53 MDT,79,19.6,,340
8-4-2015 14:41 MDT,81,15,,290
8-4-2015 14:28 MDT,79,16.1,21.9,270
8-4-2015 14:03 MDT,77,15,,280
8-4-2015 13:53 MDT,78.1,18.4,,260
8-4-2015 13:45 MDT,75.9,18.4,23,270
8-4-2015 12:53 MDT,75.9,8.1,,290
8-4-2015 11:53 MDT,72,10.4,,210
8-4-2015 10:53 MDT,69.1,16.1,,210
8-4-2015 9:53 MDT,64.9,16.1,,200
8-4-2015 8:53 MDT,64,13.8,,210
8-4-2015 7:53 MDT,63,10.4,,220
8-4-2015 6:53 MDT,61,12.7,,220
8-4-2015 5:53 MDT,61,9.2,,210
8-4-2015 4:53 MDT,61,11.5,,210
8-4-2015 3:53 MDT,60.1,5.8,,250
8-4-2015 2:53 MDT,57,4.6,,290
8-4-2015 1:53 MDT,57,8.1,,30
8-4-2015 0:53 MDT,57,4.6,,340
8-3-2015 23:53 MDT,57.9,3.5,,360
8-3-2015 22:53 MDT,59,8.1,,320
8-3-2015 21:53 MDT,60.1,6.9,,280
8-3-2015 20:53 MDT,62.1,8.1,,20
8-3-2015 19:53 MDT,64,8.1,,360
8-3-2015 18:53 MDT,64.9,13.8,,20
8-3-2015 17:53 MDT,69.1,11.5,,140
8-3-2015 16:53 MDT,68,19.6,26.5,150
8-3-2015 16:22 MDT,68,9.2,19.6,180
8-3-2015 16:10 MDT,66.9,6.9,,320
8-3-2015 15:53 MDT,66.9,3.5,19.6,
8-3-2015 15:42 MDT,68,12.7,24.2,230
8-3-2015 15:35 MDT,63,12.7,,240
8-3-2015 15:30 MDT,62.1,,,
8-3-2015 15:22 MDT,59,18.4,49.5,260
8-3-2015 15:17 MDT,64,32.2,49.5,190
8-3-2015 15:04 MDT,82,4.6,,310
8-3-2015 14:53 MDT,82.9,9.2,,10
8-3-2015 14:49 MDT,84.2,8.1,,360
8-3-2015 13:53 MDT,84.9,8.1,,10
8-3-2015 12:53 MDT,84,11.5,17.3,360
8-3-2015 11:53 MDT,81,4.6,,
8-3-2015 10:53 MDT,79,9.2,,270
8-3-2015 9:53 MDT,71.1,3.5,,
8-3-2015 8:53 MDT,66.9,0,,
8-3-2015 7:53 MDT,63,3.5,,250
8-3-2015 6:53 MDT,57.9,3.5,,220
8-3-2015 5:53 MDT,55,0,,
8-3-2015 4:53 MDT,57,5.8,,340
8-3-2015 3:53 MDT,57.9,6.9,,350
8-3-2015 2:53 MDT,64,5.8,,90
8-3-2015 1:53 MDT,66,9.2,,90
8-3-2015 0:53 MDT,68,9.2,,70
8-2-2015 23:53 MDT,70,13.8,,70
8-2-2015 22:53 MDT,73.9,15,,80
8-2-2015 21:53 MDT,73,10.4,,360
8-2-2015 20:53 MDT,79,12.7,,30
8-2-2015 19:53 MDT,84,15,,20
8-2-2015 18:53 MDT,91,9.2,,10
8-2-2015 17:53 MDT,93.9,5.8,,270
8-2-2015 16:53 MDT,93,4.6,,
8-2-2015 15:53 MDT,95,11.5,,40
8-2-2015 14:53 MDT,93,,,
8-2-2015 13:53 MDT,91.9,0,,
8-2-2015 12:53 MDT,91.9,5.8,,
8-2-2015 11:53 MDT,88,3.5,,
8-2-2015 10:53 MDT,84.9,10.4,,240
8-2-2015 9:53 MDT,79,13.8,,240
MesoWest Disclaimer,,,,
Data provided by: National Weather Service,,,,
Contact MesoWest,,,,